{"26405488_left": {"pose": [0.1113325872574514, 0.8207481722451926, 0.04550905451430457, -1.64633974845365, -0.17857016318886476, -2.937663676632542], "timestamp": 1673597556.0704472}, "26405488_right": {"pose": [-0.009417838799177, 0.7972668750161092, 0.0693151223699266, -1.6473025257925253, -0.18917295438381165, -2.942218897492042], "timestamp": 1673597557.3687217}, "19824535_left": {"pose": [-0.07528310648512061, 0.02872136764193708, 0.023316565592628957, -0.3255773557130956, 0.006247432431090383, -1.562874530416053], "timestamp": 1680893804.7454631}, "19824535_right": {"pose": [-0.06961440752114842, -0.035396599227355253, 0.020410786906711484, -0.31886273624702377, 0.007822018427507738, -1.552143062181081], "timestamp": 1680893807.0068362}, "29838012_left": {"pose": [0.41548840480128696, 0.4775470950869088, 0.4114322255308952, -2.2160410202605263, -0.02257694787387754, -2.963723863071196], "timestamp": 1686263782.2506583}, "29838012_right": {"pose": [0.294022371612491, 0.45672117609819446, 0.4111009411005134, -2.2079948175639927, -0.01940119744356439, -2.959776211707233], "timestamp": 1686263784.2242827}, "23404442_left": {"pose": [0.25955495037528126, -0.5001018266363574, 0.436881899751338, -2.2773456296459424, 0.3361897716248827, -0.5369007045203406], "timestamp": 1686263149.2820735}, "23404442_right": {"pose": [0.3520388119867355, -0.5577297192334658, 0.4018245547798702, -2.279806362246719, 0.34639742666205775, -0.5475215836690435], "timestamp": 1686263151.7758524}, "19188835_left": {"pose": [-0.07878285754775359, 0.03326500423447584, 0.01668485934449997, -0.41062369410833144, 0.06485753079304635, -1.541615579199101], "timestamp": 1736737199.704556}, "19188835_right": {"pose": [-0.0711580075071906, -0.03177620169633674, 0.02409675834435792, -0.4105868120654229, 0.0615049828351415, -1.530700571538023], "timestamp": 1736737202.003064}, "28579662_left": {"pose": [0.2474724289542449, 0.4340856570966982, 0.517765501886043, -2.0800530047674135, 0.05186597939468007, -2.26894799212255], "timestamp": 1737709978.4255502}, "28579662_right": {"pose": [0.16920563022398113, 0.34116967961965755, 0.512085105105183, -2.081038004473231, 0.05412264061401162, -2.2668983366770616], "timestamp": 1737709980.1400278}, "21463631_left": {"pose": [0.08868306622959365, 0.3698712945980224, 0.5752307832323592, -2.2656568302586333, -0.04767991043453912, -2.0452686944667136], "timestamp": 1740139295.674466}, "21463631_right": {"pose": [0.03914522880568941, 0.26997035432786665, 0.5762287281651227, -2.262406078595086, -0.06397673708252438, -2.040924926490803], "timestamp": 1740139297.8497822}, "16003782_left": {"pose": [-0.07550984789408442, 0.030897211273442048, 0.024005942491758733, -0.42215929073166114, 0.0733388112385458, -1.5411318737236115], "timestamp": 1736740587.3850062}, "16003782_right": {"pose": [-0.07618863409331719, -0.03030536720372168, 0.018113411422760368, -0.4267926140062084, 0.06587049889712304, -1.5377723067804403], "timestamp": 1736740589.4953308}, "19337235_left": {"pose": [-0.07673778580217847, 0.030893590841071045, 0.01687084235831621, -0.36905317799886583, 0.03483887023964183, -1.5432830541304612], "timestamp": 1740122409.8009758}, "19337235_right": {"pose": [-0.07560976208491242, -0.03118788529694814, 0.020259035120274133, -0.3748567752012073, 0.04058775522445579, -1.5435681741257772], "timestamp": 1740122412.0137239}}